#,#,#,OPERATOR:1,OPERATOR:1,OPERATOR:2,OPERATOR:2,OPERATOR:2,OPERATOR:2,OPERATOR:2,OPERATOR:2,OPERATOR:2,OPERATOR:2,OPERATOR:2,OPERATOR:2,6,6,6,6,6,6,6,6,6,6,6,6,6,6,6,6,6,15,15,15,15,15,15,15,15,15,15,15,15,15,15,15,15,15,17,17,17,17,17,17,17,17,17,17,17,17,17,17,17,17,17,17,17,17,17,18,18,18,19,19,19,20,21,21,22,22,22,22,128,128,128,128,128,128,128,128,128,128,128,128,128,128,128,128,128,128,128,128,128,128,
#,#,#,X-axis rotation angle,Y-axis rotation angle,a0,ax,ax2,ax3,ay,axy,ax2y,ay2,axy2,ay3,Name,Created on,Studiable type,Axis name - X,Axis length - X,Axis size - X,Axis spacing - X,Axis name - Y,Axis length - Y,Axis size - Y,Axis spacing - Y,Axis name - Z,Layer type - Z,Axis length - Z,Axis size - Z,Axis spacing - Z,NM-points ratio - Z,Name,Created on,Studiable type,Axis name - X,Axis length - X,Axis size - X,Axis spacing - X,Axis name - Y,Axis length - Y,Axis size - Y,Axis spacing - Y,Axis name - Z,Layer type - Z,Axis length - Z,Axis size - Z,Axis spacing - Z,NM-points ratio - Z,Sq,Ssk,Sku,Sp,Sv,Sz,Sa,Smr (c = 1 µm below highest peak),Smc (p = 10%),Sxp (p = 50%  q = 97.5%),Sal (s = 0.2),Str (s = 0.2),Std (Reference angle = 0°),Sdq,Sdr,Vm (p = 10%),Vv (p = 10%),Vmp (p = 10%),Vmc (p = 10%  q = 80%),Vvc (p = 10%  q = 80%),Vvv (p = 80%),Maximum depth of furrows,Mean depth of furrows,Mean density of furrows,First direction,Second direction,Third direction,Texture isotropy,Length-scale anisotropy (Sfrax) (epLsar),Length-scale anisotropy (NewEplsar),Fractal complexity (Asfc),Scale of max complexity (Smfc),HAsfc9 (HAsfc9),HAsfc81 (HAsfc81),Name,File path,Created on,Studiable type,Axis name - X,Axis length - X,Axis size - X,Axis spacing - X,Axis offset - X,Axis name - Y,Axis length - Y,Axis size - Y,Axis spacing - Y,Axis offset - Y,Axis name - Z,Layer type - Z,Axis length - Z,Min - Z,Max - Z,Axis size - Z,Axis spacing - Z,NM-points ratio - Z,
#,#,#,°,°,µm,µm,µm,µm,µm,µm,µm,µm,µm,µm,<no unit>,<no unit>,<no unit>,<no unit>,µm,points,nm,<no unit>,µm,points,nm,<no unit>,<no unit>,µm,digits,nm,%,<no unit>,<no unit>,<no unit>,<no unit>,µm,points,nm,<no unit>,µm,points,nm,<no unit>,<no unit>,µm,digits,nm,%,µm,<no unit>,<no unit>,µm,µm,µm,µm,%,µm,µm,µm,<no unit>,°,<no unit>,%,µm³/µm²,µm³/µm²,µm³/µm²,µm³/µm²,µm³/µm²,µm³/µm²,µm,µm,cm/cm2,°,°,°,%,<no unit>,<no unit>,<no unit>,nm²,<no unit>,<no unit>,<no unit>,<no unit>,<no unit>,<no unit>,<no unit>,µm,points,nm,µm,<no unit>,µm,points,nm,µm,<no unit>,<no unit>,µm,µm,µm,digits,nm,%,
2021/04/15,14:06:02,D:\Dropbox\jmmarreiros_dropbox\Work\Papers and articles\2021 - Debreuil et al Brunishing tools\ConfocalData\surfaces\ProcessingAnalysis_v2 --- Kremasti4_LSM_50x_natural_a_Topo.mnt,1.389601332,-3.540040607,-3.327279468,-0.007136344206,6.08357491e-06,-1.075360198e-09,0.004476105667,6.779964383e-07,-1.114150037e-09,2.420272666e-06,5.305851231e-10,-1.457157799e-09,Kremasti4_LSM_50x_natural_a_Topo,4/15/2021 10:24:41 AM,Surface,X,255.4748064,3000,85.18666436,Y,255.4748064,3000,85.18666436,Z,Topography,40.71166716,65532,0.6212486596,0,Kremasti4_LSM_50x_natural_a_Topo > Leveled (LS-plane) > Form removed (LS-poly 3) > Outliers removed > Thresholded (0.1000 % ; 99.90 %) > S-filtered (Lambda-s 2.500 µm) > Filled-in non-measured points,4/15/2021 10:24:41 AM,Surface,X,255.4748064,3000,85.18666436,Y,255.4748064,3000,85.18666436,Z,Topography,12.32495216,198390,0.06212486596,0,1.584021467,-0.6095035235,4.87649139,5.465869957,6.859082201,12.32495216,1.125056973,0.4839345421,1.693314186,3.99094246,19.51575135,0.480092466,42.24936206,0.3826728109,6.003094867,0.08953456587,1.782866126,0.08953456587,1.129500923,1.496020162,0.2868459635,7.217169929,1.568997462,3750.457168,89.9771993,45.01151178,179.9901922,73.9724373,*****,*****,9.933672877,6281984.839,0.5388613394,0.8700496629,Kremasti4_LSM_50x_natural_a_Topo > Leveled (LS-plane) > Form removed (LS-poly 3) > Outliers removed > Thresholded (0.1000 % ; 99.90 %) > S-filtered (Lambda-s 2.500 µm),D:\Dropbox\jmmarreiros_dropbox\Work\Papers and articles\2021 - Debreuil et al Brunishing tools\ConfocalData\surfaces\Kremasti4_LSM_50x_natural_a_Topo.sur,4/15/2021 10:24:41 AM,Surface,X,255.4748064,3000,85.18666436,0,Y,255.4748064,3000,85.18666436,-255.4748064,Z,Topography,12.32495216,-6.849328597,5.475623561,198390,0.06212486596,11.50984444,
2021/04/15,14:08:39,D:\Dropbox\jmmarreiros_dropbox\Work\Papers and articles\2021 - Debreuil et al Brunishing tools\ConfocalData\surfaces\ProcessingAnalysis_v2 --- Kremasti4_LSM_50x_natural_b_Topo.mnt,2.225283347,2.410864662,1.69357508,0.01832627498,-1.84050052e-05,2.938632767e-09,-0.007988492816,1.910723487e-05,-9.826918135e-10,-5.657152074e-06,-3.719026049e-09,1.9732019e-09,Kremasti4_LSM_50x_natural_b_Topo,4/15/2021 10:51:24 AM,Surface,X,255.4748064,3000,85.18666436,Y,255.4748064,3000,85.18666436,Z,Topography,49.89208847,65532,0.7613393223,0,Kremasti4_LSM_50x_natural_b_Topo > Leveled (LS-plane) > Form removed (LS-poly 3) > Outliers removed > Thresholded (0.1000 % ; 99.90 %) > S-filtered (Lambda-s 2.500 µm) > Filled-in non-measured points,4/15/2021 10:51:24 AM,Surface,X,255.4748064,3000,85.18666436,Y,255.4748064,3000,85.18666436,Z,Topography,22.92141457,301067,0.07613393223,0,4.090417274,-0.3914539384,2.527443543,10.43879958,12.48261499,22.92141457,3.402967859,0.2388668578,4.564882446,9.019518556,32.42662752,*****,93.24466596,0.6584596,15.93704433,0.1528894313,4.717775194,0.1528894313,4.141594551,4.240142316,0.4776328778,10.88071899,3.134720639,3056.414574,90.01401251,134.9900075,45.0041573,82.66691335,*****,*****,25.92384852,10723090.31,0.3895934272,0.6379997482,Kremasti4_LSM_50x_natural_b_Topo > Leveled (LS-plane) > Form removed (LS-poly 3) > Outliers removed > Thresholded (0.1000 % ; 99.90 %) > S-filtered (Lambda-s 2.500 µm),D:\Dropbox\jmmarreiros_dropbox\Work\Papers and articles\2021 - Debreuil et al Brunishing tools\ConfocalData\surfaces\Kremasti4_LSM_50x_natural_b_Topo.sur,4/15/2021 10:51:24 AM,Surface,X,255.4748064,3000,85.18666436,0,Y,255.4748064,3000,85.18666436,-255.4748064,Z,Topography,22.92141457,-12.46913929,10.45227529,301067,0.07613393223,20.64558889,
2021/04/15,14:11:12,D:\Dropbox\jmmarreiros_dropbox\Work\Papers and articles\2021 - Debreuil et al Brunishing tools\ConfocalData\surfaces\ProcessingAnalysis_v2 --- Kremasti4_LSM_50x_natural_c_Topo.mnt,0.3167862366,-6.579302642,-1.575841614,0.005948464479,-4.230325733e-06,7.473099497e-10,-0.009609074312,2.654929555e-06,-9.499717941e-11,9.918086283e-06,-9.556211008e-10,-2.412952222e-09,Kremasti4_LSM_50x_natural_c_Topo,4/15/2021 11:45:47 AM,Surface,X,255.4748064,3000,85.18666436,Y,255.4748064,3000,85.18666436,Z,Topography,92.57280813,65531,1.412656729,0,Kremasti4_LSM_50x_natural_c_Topo > Leveled (LS-plane) > Form removed (LS-poly 3) > Outliers removed > Thresholded (0.1000 % ; 99.90 %) > S-filtered (Lambda-s 2.500 µm) > Filled-in non-measured points,4/15/2021 11:45:47 AM,Surface,X,255.4748064,3000,85.18666436,Y,255.4748064,3000,85.18666436,Z,Topography,13.35313773,94525,0.1412656729,0,1.471139635,-0.2736764103,6.226368744,5.151535295,8.201602439,13.35313773,1.084219388,0.6035167494,1.7172781,2.666713952,23.54556159,*****,33.00070267,0.5207327359,8.532378746,0.1057150617,1.823053982,0.1057150617,1.087074402,1.653055856,0.1699981254,9.43400417,1.46938424,4010.99699,45.02286722,179.9952289,33.71722776,77.84103324,*****,*****,17.48517986,4628049.349,1.926726051,2.369387503,Kremasti4_LSM_50x_natural_c_Topo > Leveled (LS-plane) > Form removed (LS-poly 3) > Outliers removed > Thresholded (0.1000 % ; 99.90 %) > S-filtered (Lambda-s 2.500 µm),D:\Dropbox\jmmarreiros_dropbox\Work\Papers and articles\2021 - Debreuil et al Brunishing tools\ConfocalData\surfaces\Kremasti4_LSM_50x_natural_c_Topo.sur,4/15/2021 11:45:47 AM,Surface,X,255.4748064,3000,85.18666436,0,Y,255.4748064,3000,85.18666436,-255.4748064,Z,Topography,13.35313773,-8.003124169,5.350013565,94525,0.1412656729,14.82642222,
2021/04/15,14:13:40,D:\Dropbox\jmmarreiros_dropbox\Work\Papers and articles\2021 - Debreuil et al Brunishing tools\ConfocalData\surfaces\ProcessingAnalysis_v2 --- Kremasti4_LSM_50x_natural_d_Topo.mnt,0.1226444948,-3.9944626,-8.436425121,0.01418709088,-7.605359557e-06,9.069342497e-10,0.01048709119,-6.39948816e-06,3.480696282e-09,-5.011690029e-06,-1.593251394e-09,1.342348602e-09,Kremasti4_LSM_50x_natural_d_Topo,4/15/2021 12:01:50 PM,Surface,X,255.4748064,3000,85.18666436,Y,255.4748064,3000,85.18666436,Z,Topography,31.7971185,65532,0.4852151392,0,Kremasti4_LSM_50x_natural_d_Topo > Leveled (LS-plane) > Form removed (LS-poly 3) > Outliers removed > Thresholded (0.1000 % ; 99.90 %) > S-filtered (Lambda-s 2.500 µm) > Filled-in non-measured points,4/15/2021 12:01:50 PM,Surface,X,255.4748064,3000,85.18666436,Y,255.4748064,3000,85.18666436,Z,Topography,16.08687125,331541,0.04852151392,0,2.240845761,-0.04897288133,3.435836057,9.022963685,7.063907561,16.08687125,1.765024161,0.2065847139,2.872713114,4.647386595,30.5660999,0.6142008323,25.25098115,0.403043316,6.729032321,0.09941241794,2.972140702,0.09941241794,1.843507699,2.679861914,0.2922787876,6.760114362,1.903888743,3479.585432,0.01225453532,26.47753385,89.99377687,90.31547851,*****,*****,11.21221353,7318908.797,0.6032576553,0.7279640213,Kremasti4_LSM_50x_natural_d_Topo > Leveled (LS-plane) > Form removed (LS-poly 3) > Outliers removed > Thresholded (0.1000 % ; 99.90 %) > S-filtered (Lambda-s 2.500 µm),D:\Dropbox\jmmarreiros_dropbox\Work\Papers and articles\2021 - Debreuil et al Brunishing tools\ConfocalData\surfaces\Kremasti4_LSM_50x_natural_d_Topo.sur,4/15/2021 12:01:50 PM,Surface,X,255.4748064,3000,85.18666436,0,Y,255.4748064,3000,85.18666436,-255.4748064,Z,Topography,16.08687125,-7.055125167,9.031746079,331541,0.04852151392,11.06722222,
2021/04/15,14:16:06,D:\Dropbox\jmmarreiros_dropbox\Work\Papers and articles\2021 - Debreuil et al Brunishing tools\ConfocalData\surfaces\ProcessingAnalysis_v2 --- Kremasti4_LSM_50x_natural_e_Topo.mnt,0.8525908597,-3.800140735,-13.02926544,0.01209944216,-3.44094288e-06,1.362451694e-10,0.02001493454,-9.570464236e-06,1.752069361e-09,-7.777718618e-06,1.196874052e-09,8.67819269e-10,Kremasti4_LSM_50x_natural_e_Topo,4/15/2021 12:16:18 PM,Surface,X,255.4748064,3000,85.18666436,Y,255.4748064,3000,85.18666436,Z,Topography,29.31425012,65531,0.447334088,0,Kremasti4_LSM_50x_natural_e_Topo > Leveled (LS-plane) > Form removed (LS-poly 3) > Outliers removed > Thresholded (0.1000 % ; 99.90 %) > S-filtered (Lambda-s 2.500 µm) > Filled-in non-measured points,4/15/2021 12:16:18 PM,Surface,X,255.4748064,3000,85.18666436,Y,255.4748064,3000,85.18666436,Z,Topography,16.43174412,367326,0.0447334088,0,1.767716193,-0.9285067878,5.866179871,7.914458352,8.517285769,16.43174412,1.248673303,0.1263085064,1.657583288,4.69892145,20.72937473,0.8132318237,62.00314745,0.4031913407,6.562432568,0.09447176231,1.752062646,0.09447176231,1.27608491,1.408635353,0.3434272937,8.684991318,1.535971826,3422.847726,44.9941258,63.51277515,90.01650839,92.32249325,*****,*****,10.46620391,11574298.79,0.545669013,0.8480939964,Kremasti4_LSM_50x_natural_e_Topo > Leveled (LS-plane) > Form removed (LS-poly 3) > Outliers removed > Thresholded (0.1000 % ; 99.90 %) > S-filtered (Lambda-s 2.500 µm),D:\Dropbox\jmmarreiros_dropbox\Work\Papers and articles\2021 - Debreuil et al Brunishing tools\ConfocalData\surfaces\Kremasti4_LSM_50x_natural_e_Topo.sur,4/15/2021 12:16:18 PM,Surface,X,255.4748064,3000,85.18666436,0,Y,255.4748064,3000,85.18666436,-255.4748064,Z,Topography,16.43174412,-8.509412689,7.922331432,367326,0.0447334088,10.72011111,
2021/04/15,14:18:42,D:\Dropbox\jmmarreiros_dropbox\Work\Papers and articles\2021 - Debreuil et al Brunishing tools\ConfocalData\surfaces\ProcessingAnalysis_v2 --- Kremasti4_LSM_50x_type1_a_Topo.mnt,2.964172422,0.7062647796,-1.428187405,0.00323809734,-2.817472272e-06,6.310144488e-10,0.002435467466,-1.562751158e-06,1.516360767e-10,-8.174433018e-08,5.884815857e-10,-3.641595328e-10,Kremasti4_LSM_50x_type1_a_Topo,4/13/2021 3:00:34 PM,Surface,X,255.4748064,3000,85.18666436,Y,255.4748064,3000,85.18666436,Z,Topography,24.97544871,65531,0.3811241811,0,Kremasti4_LSM_50x_type1_a_Topo > Leveled (LS-plane) > Form removed (LS-poly 3) > Outliers removed > Thresholded (0.1000 % ; 99.90 %) > S-filtered (Lambda-s 2.500 µm) > Filled-in non-measured points,4/13/2021 3:00:34 PM,Surface,X,255.4748064,3000,85.18666436,Y,255.4748064,3000,85.18666436,Z,Topography,11.09441057,291097,0.03811241811,0,1.434169527,-1.650282113,6.832435824,3.630703286,7.463707288,11.09441057,1.009954522,0.5506006133,1.290804631,4.246005059,18.83860902,0.690200811,148.4947608,0.3498352012,5.156391925,0.04783352276,1.338636857,0.04783352276,0.9825579917,1.015294966,0.3233418914,6.789917848,1.217139721,3631.833013,179.9833616,89.99779864,135.0071071,69.99147055,*****,*****,9.047928326,6281984.839,0.2340000138,0.8845739215,Kremasti4_LSM_50x_type1_a_Topo > Leveled (LS-plane) > Form removed (LS-poly 3) > Outliers removed > Thresholded (0.1000 % ; 99.90 %) > S-filtered (Lambda-s 2.500 µm),D:\Dropbox\jmmarreiros_dropbox\Work\Papers and articles\2021 - Debreuil et al Brunishing tools\ConfocalData\surfaces\Kremasti4_LSM_50x_type1_a_Topo.sur,4/13/2021 3:00:34 PM,Surface,X,255.4748064,3000,85.18666436,0,Y,255.4748064,3000,85.18666436,-255.4748064,Z,Topography,11.09441057,-7.454369746,3.640040829,291097,0.03811241811,9.391622222,
2021/04/15,14:21:15,D:\Dropbox\jmmarreiros_dropbox\Work\Papers and articles\2021 - Debreuil et al Brunishing tools\ConfocalData\surfaces\ProcessingAnalysis_v2 --- Kremasti4_LSM_50x_type1_b_Topo.mnt,1.603906895,-0.1568250043,-0.9492366367,0.005165530031,-2.587487283e-06,-7.292882558e-11,-0.002759714194,4.290299237e-07,1.360755475e-09,2.080717517e-06,-1.193232801e-09,-3.505583208e-10,Kremasti4_LSM_50x_type1_b_Topo,4/13/2021 3:12:36 PM,Surface,X,255.4748064,3000,85.18666436,Y,255.4748064,3000,85.18666436,Z,Topography,18.08105499,65532,0.2759118445,0,Kremasti4_LSM_50x_type1_b_Topo > Leveled (LS-plane) > Form removed (LS-poly 3) > Outliers removed > Thresholded (0.1000 % ; 99.90 %) > S-filtered (Lambda-s 2.500 µm) > Filled-in non-measured points,4/13/2021 3:12:36 PM,Surface,X,255.4748064,3000,85.18666436,Y,255.4748064,3000,85.18666436,Z,Topography,10.93193078,396211,0.02759118445,0,0.9279296394,-3.102264772,21.19594214,3.4068215,7.525109282,10.93193078,0.5206882014,0.190652927,0.8503611311,2.43241059,19.11283269,0.7306999462,99.0101906,0.2293242965,2.262715276,0.04150982035,0.8918592581,0.04150982035,0.4220406554,0.7280150948,0.1638441634,6.52112816,0.6617323948,4181.821947,44.98518743,0.006791178959,89.98368875,50.07855773,*****,*****,3.838338584,3409565.818,0.6329882194,0.9537654987,Kremasti4_LSM_50x_type1_b_Topo > Leveled (LS-plane) > Form removed (LS-poly 3) > Outliers removed > Thresholded (0.1000 % ; 99.90 %) > S-filtered (Lambda-s 2.500 µm),D:\Dropbox\jmmarreiros_dropbox\Work\Papers and articles\2021 - Debreuil et al Brunishing tools\ConfocalData\surfaces\Kremasti4_LSM_50x_type1_b_Topo.sur,4/13/2021 3:12:36 PM,Surface,X,255.4748064,3000,85.18666436,0,Y,255.4748064,3000,85.18666436,-255.4748064,Z,Topography,10.93193078,-7.518873674,3.413057107,396211,0.02759118445,5.539233333,
2021/04/15,14:23:44,D:\Dropbox\jmmarreiros_dropbox\Work\Papers and articles\2021 - Debreuil et al Brunishing tools\ConfocalData\surfaces\ProcessingAnalysis_v2 --- Kremasti4_LSM_50x_type1_c_Topo.mnt,2.364294692,-2.830747103,-4.94997758,0.004149346392,-1.680795224e-07,-2.533546054e-10,0.004062723987,-4.381903453e-06,6.621285556e-10,1.580775946e-06,6.666093304e-10,-8.913521761e-10,Kremasti4_LSM_50x_type1_c_Topo,4/13/2021 3:26:24 PM,Surface,X,255.4748064,3000,85.18666436,Y,255.4748064,3000,85.18666436,Z,Topography,31.58422743,65532,0.4819664809,0,Kremasti4_LSM_50x_type1_c_Topo > Leveled (LS-plane) > Form removed (LS-poly 3) > Outliers removed > Thresholded (0.1000 % ; 99.90 %) > S-filtered (Lambda-s 2.500 µm) > Filled-in non-measured points,4/13/2021 3:26:24 PM,Surface,X,255.4748064,3000,85.18666436,Y,255.4748064,3000,85.18666436,Z,Topography,9.121215652,189250,0.04819664809,0,1.032300845,-1.150808115,7.109877,3.607326323,5.513889329,9.121215652,0.7036578917,0.8307762419,0.9460704412,2.875992332,20.00936499,0.6656509041,42.24862793,0.2456940886,2.643718862,0.06199200552,1.008057957,0.06199200552,0.6724277265,0.8096673991,0.1983905584,5.661491563,0.8866203244,3869.857298,89.9911039,134.9995495,44.96008552,87.67700145,*****,*****,4.116572853,5391969.57,0.8755245734,1.740527996,Kremasti4_LSM_50x_type1_c_Topo > Leveled (LS-plane) > Form removed (LS-poly 3) > Outliers removed > Thresholded (0.1000 % ; 99.90 %) > S-filtered (Lambda-s 2.500 µm),D:\Dropbox\jmmarreiros_dropbox\Work\Papers and articles\2021 - Debreuil et al Brunishing tools\ConfocalData\surfaces\Kremasti4_LSM_50x_type1_c_Topo.sur,4/13/2021 3:26:24 PM,Surface,X,255.4748064,3000,85.18666436,0,Y,255.4748064,3000,85.18666436,-255.4748064,Z,Topography,9.121215652,-5.506370652,3.614845,189250,0.04819664809,5.578733333,
2021/04/15,14:26:10,D:\Dropbox\jmmarreiros_dropbox\Work\Papers and articles\2021 - Debreuil et al Brunishing tools\ConfocalData\surfaces\ProcessingAnalysis_v2 --- Kremasti4_LSM_50x_type1_d_Topo.mnt,1.937553919,-2.85590305,-7.513859404,0.01175999422,-4.770935663e-06,4.479105478e-10,0.004493475258,-3.180684624e-06,4.80297568e-10,1.14211174e-08,5.107620206e-10,-4.317657741e-10,Kremasti4_LSM_50x_type1_d_Topo,4/13/2021 3:48:57 PM,Surface,X,255.4748064,3000,85.18666436,Y,255.4748064,3000,85.18666436,Z,Topography,26.67944453,65532,0.407120865,0,Kremasti4_LSM_50x_type1_d_Topo > Leveled (LS-plane) > Form removed (LS-poly 3) > Outliers removed > Thresholded (0.1000 % ; 99.90 %) > S-filtered (Lambda-s 2.500 µm) > Filled-in non-measured points,4/13/2021 3:48:57 PM,Surface,X,255.4748064,3000,85.18666436,Y,255.4748064,3000,85.18666436,Z,Topography,11.55681786,283867,0.0407120865,0,1.361995698,-1.871845763,9.830575277,3.145375091,8.411442768,11.55681786,0.8547587048,3.047115556,1.3854033,4.038983745,17.12011214,0.7364442421,100.9964993,0.3034330151,3.681205024,0.05899159632,1.444400382,0.05899159632,0.6613060182,1.156285084,0.2881152988,7.764324153,1.301308907,3791.08573,45.0056145,179.9914986,89.99225022,77.9439153,*****,*****,6.087731483,9934482.25,0.9048548079,4.589236197,Kremasti4_LSM_50x_type1_d_Topo > Leveled (LS-plane) > Form removed (LS-poly 3) > Outliers removed > Thresholded (0.1000 % ; 99.90 %) > S-filtered (Lambda-s 2.500 µm),D:\Dropbox\jmmarreiros_dropbox\Work\Papers and articles\2021 - Debreuil et al Brunishing tools\ConfocalData\surfaces\Kremasti4_LSM_50x_type1_d_Topo.sur,4/13/2021 3:48:57 PM,Surface,X,255.4748064,3000,85.18666436,0,Y,255.4748064,3000,85.18666436,-255.4748064,Z,Topography,11.55681786,-8.402730381,3.154087478,283867,0.0407120865,7.424088889,
2021/04/15,14:28:45,D:\Dropbox\jmmarreiros_dropbox\Work\Papers and articles\2021 - Debreuil et al Brunishing tools\ConfocalData\surfaces\ProcessingAnalysis_v2 --- Kremasti4_LSM_50x_type1_e_Topo.mnt,-0.3377469396,-4.478165366,-5.367973309,0.005382968206,-3.555085374e-06,7.412162011e-10,0.008227591525,-5.574766284e-07,-3.340871903e-10,-3.41256035e-06,5.39117277e-10,1.754015109e-10,Kremasti4_LSM_50x_type1_e_Topo,4/13/2021 4:06:16 PM,Surface,X,255.4748064,3000,85.18666436,Y,255.4748064,3000,85.18666436,Z,Topography,34.77221451,65532,0.5306142725,0,Kremasti4_LSM_50x_type1_e_Topo > Leveled (LS-plane) > Form removed (LS-poly 3) > Outliers removed > Thresholded (0.1000 % ; 99.90 %) > S-filtered (Lambda-s 2.500 µm) > Filled-in non-measured points,4/13/2021 4:06:16 PM,Surface,X,255.4748064,3000,85.18666436,Y,255.4748064,3000,85.18666436,Z,Topography,6.584180262,124086,0.05306142725,0,0.73507625,-1.103058741,8.744491252,2.397739775,4.186440487,6.584180262,0.4949254265,3.068395629,0.7944503331,1.671061215,22.79653265,0.3736763954,39.24765865,0.2544362378,2.79613358,0.04623729003,0.8406711412,0.04623729003,0.4765107842,0.7302121944,0.1104589468,4.071615559,0.4982151119,4977.168231,89.98710166,135.0322291,44.99026163,36.1910251,*****,*****,5.993038404,1471557.023,0.2894198109,0.5290686207,Kremasti4_LSM_50x_type1_e_Topo > Leveled (LS-plane) > Form removed (LS-poly 3) > Outliers removed > Thresholded (0.1000 % ; 99.90 %) > S-filtered (Lambda-s 2.500 µm),D:\Dropbox\jmmarreiros_dropbox\Work\Papers and articles\2021 - Debreuil et al Brunishing tools\ConfocalData\surfaces\Kremasti4_LSM_50x_type1_e_Topo.sur,4/13/2021 4:06:16 PM,Surface,X,255.4748064,3000,85.18666436,0,Y,255.4748064,3000,85.18666436,-255.4748064,Z,Topography,6.584180262,-4.113268779,2.470911483,124086,0.05306142725,21.6976,
2021/04/15,14:31:12,D:\Dropbox\jmmarreiros_dropbox\Work\Papers and articles\2021 - Debreuil et al Brunishing tools\ConfocalData\surfaces\ProcessingAnalysis_v2 --- Kremasti4_LSM_50x_type2_a_Topo.mnt,-1.170441013,0.8325212421,-2.040604913,-9.592349357e-05,-2.9731825e-07,2.070787754e-10,0.004281393179,1.293348968e-06,-9.94064012e-10,-1.881201943e-06,6.143418689e-10,-4.459760318e-11,Kremasti4_LSM_50x_type2_a_Topo,4/13/2021 4:23:16 PM,Surface,X,255.4748064,3000,85.18666436,Y,255.4748064,3000,85.18666436,Z,Topography,15.89306811,65531,0.2425274772,0,Kremasti4_LSM_50x_type2_a_Topo > Leveled (LS-plane) > Form removed (LS-poly 3) > Outliers removed > Thresholded (0.1000 % ; 99.90 %) > S-filtered (Lambda-s 2.500 µm) > Filled-in non-measured points,4/13/2021 4:23:16 PM,Surface,X,255.4748064,3000,85.18666436,Y,255.4748064,3000,85.18666436,Z,Topography,7.44505999,306978,0.02425274772,0,0.6036371434,-2.255199411,20.7349353,1.933138015,5.511921975,7.44505999,0.3857944023,4.760880424,0.6318319116,1.018717681,19.06010841,0.5135032185,35.99064976,0.1478211618,1.024515855,0.03588645109,0.6677150752,0.03588645109,0.3553533373,0.5855562633,0.08215881192,3.581888311,0.3759256895,4260.41445,45.00840013,135.007675,90.02379415,81.53957388,*****,*****,1.927822666,2511887.447,0.3151959329,0.5437181208,Kremasti4_LSM_50x_type2_a_Topo > Leveled (LS-plane) > Form removed (LS-poly 3) > Outliers removed > Thresholded (0.1000 % ; 99.90 %) > S-filtered (Lambda-s 2.500 µm),D:\Dropbox\jmmarreiros_dropbox\Work\Papers and articles\2021 - Debreuil et al Brunishing tools\ConfocalData\surfaces\Kremasti4_LSM_50x_type2_a_Topo.sur,4/13/2021 4:23:16 PM,Surface,X,255.4748064,3000,85.18666436,0,Y,255.4748064,3000,85.18666436,-255.4748064,Z,Topography,7.44505999,-5.51003026,1.93502973,306978,0.02425274772,2.446633333,
2021/04/15,14:33:44,D:\Dropbox\jmmarreiros_dropbox\Work\Papers and articles\2021 - Debreuil et al Brunishing tools\ConfocalData\surfaces\ProcessingAnalysis_v2 --- Kremasti4_LSM_50x_type2_b_Topo.mnt,-1.002394604,-2.366689233,-1.743379307,0.006434937939,-3.386867483e-06,2.552395907e-10,-0.001414474349,5.977771116e-07,5.886271815e-10,3.378870447e-07,-6.294607209e-10,7.046763891e-11,Kremasti4_LSM_50x_type2_b_Topo,4/13/2021 4:38:37 PM,Surface,X,255.4748064,3000,85.18666436,Y,255.4748064,3000,85.18666436,Z,Topography,18.74047867,65532,0.2859744654,0,Kremasti4_LSM_50x_type2_b_Topo > Leveled (LS-plane) > Form removed (LS-poly 3) > Outliers removed > Thresholded (0.1000 % ; 99.90 %) > S-filtered (Lambda-s 2.500 µm) > Filled-in non-measured points,4/13/2021 4:38:37 PM,Surface,X,255.4748064,3000,85.18666436,Y,255.4748064,3000,85.18666436,Z,Topography,3.329486311,116426,0.02859744654,0,0.3343659848,-0.9943287829,7.07069806,1.24224448,2.087241831,3.329486311,0.2394931893,21.11141114,0.3684054223,0.8095726183,28.43291026,0.7057996495,39.25082981,0.113414641,0.6011955046,0.0156875273,0.3840999333,0.0156875273,0.2410692139,0.33196642,0.05213351331,2.238429381,0.2734312189,4249.816328,179.9523945,44.99160501,134.9934922,69.6736125,*****,*****,1.169514851,1850551.913,0.3301416686,0.7273785519,Kremasti4_LSM_50x_type2_b_Topo > Leveled (LS-plane) > Form removed (LS-poly 3) > Outliers removed > Thresholded (0.1000 % ; 99.90 %) > S-filtered (Lambda-s 2.500 µm),D:\Dropbox\jmmarreiros_dropbox\Work\Papers and articles\2021 - Debreuil et al Brunishing tools\ConfocalData\surfaces\Kremasti4_LSM_50x_type2_b_Topo.sur,4/13/2021 4:38:37 PM,Surface,X,255.4748064,3000,85.18666436,0,Y,255.4748064,3000,85.18666436,-255.4748064,Z,Topography,3.329486311,-2.082466057,1.247020254,116426,0.02859744654,3.157766667,
2021/04/15,14:38:07,D:\Dropbox\jmmarreiros_dropbox\Work\Papers and articles\2021 - Debreuil et al Brunishing tools\ConfocalData\surfaces\ProcessingAnalysis_v2 --- Kremasti4_LSM_50x_type2_c_Topo.mnt,1.658846715,-3.814968436,-10.24538422,0.01684462729,-7.600111911e-06,9.235336096e-10,0.006110511324,-3.43153299e-06,8.241160226e-10,-1.443111851e-06,-2.962308571e-11,1.266219238e-10,Kremasti4_LSM_50x_type2_c_Topo,4/13/2021 4:53:12 PM,Surface,X,255.4748064,3000,85.18666436,Y,255.4748064,3000,85.18666436,Z,Topography,28.92968799,65532,0.4414589512,0,Kremasti4_LSM_50x_type2_c_Topo > Leveled (LS-plane) > Form removed (LS-poly 3) > Outliers removed > Thresholded (0.1000 % ; 99.90 %) > S-filtered (Lambda-s 2.500 µm) > Filled-in non-measured points,4/13/2021 4:53:12 PM,Surface,X,255.4748064,3000,85.18666436,Y,255.4748064,3000,85.18666436,Z,Topography,14.11754824,319793,0.04414589512,0,1.210555205,-0.8883242423,12.4855847,6.694415973,7.423132264,14.11754824,0.6691669112,0.2459348208,0.9677755832,3.196956676,16.40346633,0.7454306484,30.50367585,0.2696747468,2.850348834,0.111921894,1.079676537,0.111921894,0.4593232781,0.8719403351,0.2077362021,6.983512725,1.146679437,4101.478224,44.96848512,26.50056864,90.01949614,81.51044633,*****,*****,4.362620728,5391969.57,1.403138689,2.936057788,Kremasti4_LSM_50x_type2_c_Topo > Leveled (LS-plane) > Form removed (LS-poly 3) > Outliers removed > Thresholded (0.1000 % ; 99.90 %) > S-filtered (Lambda-s 2.500 µm),D:\Dropbox\jmmarreiros_dropbox\Work\Papers and articles\2021 - Debreuil et al Brunishing tools\ConfocalData\surfaces\Kremasti4_LSM_50x_type2_c_Topo.sur,4/13/2021 4:53:12 PM,Surface,X,255.4748064,3000,85.18666436,0,Y,255.4748064,3000,85.18666436,-255.4748064,Z,Topography,14.11754824,-7.415450878,6.702097359,319793,0.04414589512,6.555777778,
2021/04/15,14:42:02,D:\Dropbox\jmmarreiros_dropbox\Work\Papers and articles\2021 - Debreuil et al Brunishing tools\ConfocalData\surfaces\ProcessingAnalysis_v2 --- Kremasti4_LSM_50x_type2_d_Topo.mnt,-0.7180760953,-0.4901303992,-0.6701577269,-0.0009424057391,1.340684611e-06,-3.895369473e-10,0.001517311453,2.150144588e-07,-9.793972685e-11,-7.755459871e-07,6.443552076e-11,6.053270025e-11,Kremasti4_LSM_50x_type2_d_Topo,4/15/2021 9:44:27 AM,Surface,X,255.4748064,3000,85.18666436,Y,255.4748064,3000,85.18666436,Z,Topography,14.15527357,65532,0.2160055175,0,Kremasti4_LSM_50x_type2_d_Topo > Leveled (LS-plane) > Form removed (LS-poly 3) > Outliers removed > Thresholded (0.1000 % ; 99.90 %) > S-filtered (Lambda-s 2.500 µm) > Filled-in non-measured points,4/15/2021 9:44:27 AM,Surface,X,255.4748064,3000,85.18666436,Y,255.4748064,3000,85.18666436,Z,Topography,2.26479625,104849,0.02160055175,0,0.255905575,-0.7540239704,5.12087299,0.7152158689,1.549580381,2.26479625,0.1951827022,87.97770361,0.3091965339,0.5714699721,21.12501024,0.2403435407,33.75199002,0.1278322688,0.7925296258,0.009639498603,0.3188355092,0.009639498603,0.2180566853,0.282557702,0.03627780724,1.541804183,0.2742761284,4481.220379,44.99906926,89.99363935,0.02309168055,74.97530723,*****,*****,1.727567748,2156009.768,0.1658500147,0.3749123634,Kremasti4_LSM_50x_type2_d_Topo > Leveled (LS-plane) > Form removed (LS-poly 3) > Outliers removed > Thresholded (0.1000 % ; 99.90 %) > S-filtered (Lambda-s 2.500 µm),D:\Dropbox\jmmarreiros_dropbox\Work\Papers and articles\2021 - Debreuil et al Brunishing tools\ConfocalData\surfaces\Kremasti4_LSM_50x_type2_d_Topo.sur,4/15/2021 9:44:27 AM,Surface,X,255.4748064,3000,85.18666436,0,Y,255.4748064,3000,85.18666436,-255.4748064,Z,Topography,2.26479625,-1.546923513,0.7178727368,104849,0.02160055175,3.238744444,
2021/04/15,14:44:32,D:\Dropbox\jmmarreiros_dropbox\Work\Papers and articles\2021 - Debreuil et al Brunishing tools\ConfocalData\surfaces\ProcessingAnalysis_v2 --- Kremasti4_LSM_50x_type2_e_Topo.mnt,-0.6415151912,-0.1324012077,-1.607774129,-0.001124517738,9.686507004e-07,-3.305936283e-10,0.003961721969,1.059278399e-06,-3.994645791e-12,-1.80497116e-06,-2.249687716e-10,1.095251881e-10,Kremasti4_LSM_50x_type2_e_Topo,4/15/2021 10:04:21 AM,Surface,X,255.4748064,3000,85.18666436,Y,255.4748064,3000,85.18666436,Z,Topography,12.81664986,65532,0.1955784938,0,Kremasti4_LSM_50x_type2_e_Topo > Leveled (LS-plane) > Form removed (LS-poly 3) > Outliers removed > Thresholded (0.1000 % ; 99.90 %) > S-filtered (Lambda-s 2.500 µm) > Filled-in non-measured points,4/15/2021 10:04:21 AM,Surface,X,255.4748064,3000,85.18666436,Y,255.4748064,3000,85.18666436,Z,Topography,5.283689916,270157,0.01955784938,0,0.5821568287,-1.146887763,7.291830265,2.032080109,3.251609807,5.283689916,0.4078515638,1.986760265,0.6208270052,1.507957849,16.15552049,0.7492879199,86.50647818,0.2395625291,2.616786491,0.02715075454,0.6479738711,0.02715075454,0.3928393085,0.5464655239,0.1015083472,3.768414243,0.6610934543,3972.27862,135.0036296,90.0191306,0.01421476238,86.42201147,*****,*****,5.235410139,3972359.357,0.3601222024,0.8335387175,Kremasti4_LSM_50x_type2_e_Topo > Leveled (LS-plane) > Form removed (LS-poly 3) > Outliers removed > Thresholded (0.1000 % ; 99.90 %) > S-filtered (Lambda-s 2.500 µm),D:\Dropbox\jmmarreiros_dropbox\Work\Papers and articles\2021 - Debreuil et al Brunishing tools\ConfocalData\surfaces\Kremasti4_LSM_50x_type2_e_Topo.sur,4/15/2021 10:04:21 AM,Surface,X,255.4748064,3000,85.18666436,0,Y,255.4748064,3000,85.18666436,-255.4748064,Z,Topography,5.283689916,-3.245273064,2.038416852,270157,0.01955784938,5.605111111,
2021/04/15,14:47:02,D:\Dropbox\jmmarreiros_dropbox\Work\Papers and articles\2021 - Debreuil et al Brunishing tools\ConfocalData\surfaces\ProcessingAnalysis_v2 --- MudPlaster2015MEGII_LSM_50x_natural_a_Topo.mnt,-0.02275752641,-4.833357617,7.095631236,-0.009819468481,2.218443549e-06,1.861303066e-10,-0.00506808745,6.156652449e-06,-1.412668813e-09,1.478106859e-07,-4.06733238e-10,1.800840009e-10,MudPlaster2015MEGII_LSM_50x_natural_a_Topo,4/13/2021 11:55:38 AM,Surface,X,255.4748064,3000,85.18666436,Y,255.4748064,3000,85.18666436,Z,Topography,33.52783116,65532,0.5116253305,0,MudPlaster2015MEGII_LSM_50x_natural_a_Topo > Leveled (LS-plane) > Form removed (LS-poly 3) > Outliers removed > Thresholded (0.1000 % ; 99.90 %) > S-filtered (Lambda-s 2.500 µm) > Filled-in non-measured points,4/13/2021 11:55:38 AM,Surface,X,255.4748064,3000,85.18666436,Y,255.4748064,3000,85.18666436,Z,Topography,11.56104411,225967,0.05116253305,0,2.031987192,-0.2048551717,2.628813204,5.750668715,5.810375391,11.56104411,1.642067426,0.3053049927,2.571849505,4.267809386,27.44342216,0.7947105304,50.74126709,0.3808079651,6.215141687,0.07687837197,2.648715812,0.07687837197,1.958046211,2.410415511,0.2383003007,5.872145623,1.777328763,3312.808805,90.00545297,0.0308139926,134.9997275,85.32612067,*****,*****,9.67173416,5819988.926,0.3259244723,0.6149601,MudPlaster2015MEGII_LSM_50x_natural_a_Topo > Leveled (LS-plane) > Form removed (LS-poly 3) > Outliers removed > Thresholded (0.1000 % ; 99.90 %) > S-filtered (Lambda-s 2.500 µm),D:\Dropbox\jmmarreiros_dropbox\Work\Papers and articles\2021 - Debreuil et al Brunishing tools\ConfocalData\surfaces\MudPlaster2015MEGII_LSM_50x_natural_a_Topo.sur,4/13/2021 11:55:38 AM,Surface,X,255.4748064,3000,85.18666436,0,Y,255.4748064,3000,85.18666436,-255.4748064,Z,Topography,11.56104411,-5.80428705,5.756757057,225967,0.05116253305,11.67144444,
2021/04/15,14:49:46,D:\Dropbox\jmmarreiros_dropbox\Work\Papers and articles\2021 - Debreuil et al Brunishing tools\ConfocalData\surfaces\ProcessingAnalysis_v2 --- MudPlaster2015MEGII_LSM_50x_natural_b_Topo.mnt,-2.011064403,-4.229227327,-7.146895203,0.001927674105,2.630954295e-06,-1.065989967e-09,0.007063274491,-5.108475401e-06,2.570649376e-09,1.830235508e-07,-1.696927202e-09,-3.583887986e-12,MudPlaster2015MEGII_LSM_50x_natural_b_Topo,4/13/2021 12:24:52 PM,Surface,X,255.4748064,3000,85.18666436,Y,255.4748064,3000,85.18666436,Z,Topography,45.1994628,65532,0.6897311664,0,MudPlaster2015MEGII_LSM_50x_natural_b_Topo > Leveled (LS-plane) > Form removed (LS-poly 3) > Outliers removed > Thresholded (0.1000 % ; 99.90 %) > S-filtered (Lambda-s 2.500 µm) > Filled-in non-measured points,4/13/2021 12:24:52 PM,Surface,X,255.4748064,3000,85.18666436,Y,255.4748064,3000,85.18666436,Z,Topography,22.68443039,328888,0.06897311664,0,4.118975717,-0.4028427011,2.838691992,10.68317706,12.00125332,22.68443039,3.286365263,0.2358194087,4.798238861,9.455241743,27.19722297,0.723133831,3.253333516,0.645686308,15.17257354,0.1767704391,4.975038709,0.1767704391,3.890346324,4.408981882,0.5660568271,11.07653075,3.267388721,4138.713096,44.99209605,0.002020633359,90.00769423,79.88111114,*****,*****,16.56074164,7318908.797,0.1330043446,0.4610042721,MudPlaster2015MEGII_LSM_50x_natural_b_Topo > Leveled (LS-plane) > Form removed (LS-poly 3) > Outliers removed > Thresholded (0.1000 % ; 99.90 %) > S-filtered (Lambda-s 2.500 µm),D:\Dropbox\jmmarreiros_dropbox\Work\Papers and articles\2021 - Debreuil et al Brunishing tools\ConfocalData\surfaces\MudPlaster2015MEGII_LSM_50x_natural_b_Topo.sur,4/13/2021 12:24:52 PM,Surface,X,255.4748064,3000,85.18666436,0,Y,255.4748064,3000,85.18666436,-255.4748064,Z,Topography,22.68443039,-11.85385777,10.83057261,328888,0.06897311664,60.24261111,
2021/04/15,14:52:27,D:\Dropbox\jmmarreiros_dropbox\Work\Papers and articles\2021 - Debreuil et al Brunishing tools\ConfocalData\surfaces\ProcessingAnalysis_v2 --- MudPlaster2015MEGII_LSM_50x_natural_d_Topo.mnt,-5.094386591,3.276079861,2.654102963,-0.002185788442,3.721181273e-07,1.821716358e-10,-0.0006529450399,-1.862208917e-07,-1.756117475e-10,-1.831700019e-06,2.214440331e-10,7.357407519e-10,MudPlaster2015MEGII_LSM_50x_natural_d_Topo,4/13/2021 1:29:35 PM,Surface,X,255.4748064,3000,85.18666436,Y,255.4748064,3000,85.18666436,Z,Topography,45.0070782,65532,0.6867954312,0,MudPlaster2015MEGII_LSM_50x_natural_d_Topo > Leveled (LS-plane) > Form removed (LS-poly 3) > Outliers removed > Thresholded (0.1000 % ; 99.90 %) > S-filtered (Lambda-s 2.500 µm) > Filled-in non-measured points,4/13/2021 1:29:35 PM,Surface,X,255.4748064,3000,85.18666436,Y,255.4748064,3000,85.18666436,Z,Topography,14.43486033,210177,0.06867954312,0,1.991888222,-0.5388777876,3.59375502,5.621145886,8.813714448,14.43486033,1.573711779,0.1832386904,2.449902877,4.444974205,18.07347416,0.8473025698,176.2552589,0.6083035123,14.0646952,0.06670862387,2.516585804,0.06670862387,1.808997837,2.247078621,0.2695071828,9.564828271,2.515145636,4348.080328,0.01161552071,44.98244796,90.0067744,82.74404215,*****,*****,19.99193781,8526990.649,0.2093140665,0.4596307133,MudPlaster2015MEGII_LSM_50x_natural_d_Topo > Leveled (LS-plane) > Form removed (LS-poly 3) > Outliers removed > Thresholded (0.1000 % ; 99.90 %) > S-filtered (Lambda-s 2.500 µm),D:\Dropbox\jmmarreiros_dropbox\Work\Papers and articles\2021 - Debreuil et al Brunishing tools\ConfocalData\surfaces\MudPlaster2015MEGII_LSM_50x_natural_d_Topo.sur,4/13/2021 1:29:35 PM,Surface,X,255.4748064,3000,85.18666436,0,Y,255.4748064,3000,85.18666436,-255.4748064,Z,Topography,14.43486033,-8.671479114,5.76338122,210177,0.06867954312,64.69571111,
2021/04/15,14:55:12,D:\Dropbox\jmmarreiros_dropbox\Work\Papers and articles\2021 - Debreuil et al Brunishing tools\ConfocalData\surfaces\ProcessingAnalysis_v2 --- MudPlaster2015MEGII_LSM_50x_natural_e_Topo.mnt,-9.119254105,-3.000855399,3.994042044,0.02011903348,-1.988912341e-05,4.961743948e-09,-0.01326456189,6.058837228e-06,-1.372402111e-09,-3.163430603e-06,-1.184887693e-09,2.854678674e-09,MudPlaster2015MEGII_LSM_50x_natural_e_Topo,4/13/2021 2:00:09 PM,Surface,X,255.4748064,3000,85.18666436,Y,255.4748064,3000,85.18666436,Z,Topography,67.06152557,65532,1.023340133,0,MudPlaster2015MEGII_LSM_50x_natural_e_Topo > Leveled (LS-plane) > Form removed (LS-poly 3) > Outliers removed > Thresholded (0.1000 % ; 99.90 %) > S-filtered (Lambda-s 2.500 µm) > Filled-in non-measured points,4/13/2021 2:00:09 PM,Surface,X,255.4748064,3000,85.18666436,Y,255.4748064,3000,85.18666436,Z,Topography,20.28956014,198268,0.1023340133,0,3.41073742,-0.3316060071,3.249020681,9.041619408,11.24794073,20.28956014,2.672144043,0.3458678797,4.247743765,7.781393065,27.89543915,*****,176.7470501,0.6878441624,16.57076684,0.1408880752,4.388612704,0.1408880752,3.007145159,3.940413335,0.4481993689,9.29742033,3.05238086,4351.426838,0.02335595166,135.0232504,90.00704899,65.33351509,*****,*****,20.87566882,8526990.649,0.2505130968,0.5967345951,MudPlaster2015MEGII_LSM_50x_natural_e_Topo > Leveled (LS-plane) > Form removed (LS-poly 3) > Outliers removed > Thresholded (0.1000 % ; 99.90 %) > S-filtered (Lambda-s 2.500 µm),D:\Dropbox\jmmarreiros_dropbox\Work\Papers and articles\2021 - Debreuil et al Brunishing tools\ConfocalData\surfaces\MudPlaster2015MEGII_LSM_50x_natural_e_Topo.sur,4/13/2021 2:00:09 PM,Surface,X,255.4748064,3000,85.18666436,0,Y,255.4748064,3000,85.18666436,-255.4748064,Z,Topography,20.28956014,-11.10242177,9.187138375,198268,0.1023340133,63.89733333,
2021/04/15,14:57:58,D:\Dropbox\jmmarreiros_dropbox\Work\Papers and articles\2021 - Debreuil et al Brunishing tools\ConfocalData\surfaces\ProcessingAnalysis_v2 --- MudPlaster2015MEGII_LSM_50x_naural_c_Topo.mnt,-0.1211669771,-5.113821382,1.066522906,0.0153309921,-9.365081397e-06,1.25204067e-09,-0.000809862442,-1.19148137e-05,3.467503832e-09,-2.525491515e-07,1.631444948e-09,2.099439002e-10,MudPlaster2015MEGII_LSM_50x_naural_c_Topo,4/13/2021 12:47:36 PM,Surface,X,255.4748064,3000,85.18666436,Y,255.4748064,3000,85.18666436,Z,Topography,40.54845312,65531,0.6187675012,0,MudPlaster2015MEGII_LSM_50x_naural_c_Topo > Leveled (LS-plane) > Form removed (LS-poly 3) > Outliers removed > Thresholded (0.1000 % ; 99.90 %) > S-filtered (Lambda-s 2.500 µm) > Filled-in non-measured points,4/13/2021 12:47:36 PM,Surface,X,255.4748064,3000,85.18666436,Y,255.4748064,3000,85.18666436,Z,Topography,16.70963074,270047,0.06187675012,0,2.7656594,-0.403289118,3.09794933,7.14942534,9.560205401,16.70963074,2.202382148,0.6746012468,3.358982185,6.336981682,29.18459399,0.6230068046,157.4997108,0.5356162571,11.13547347,0.1042579846,3.463241339,0.1042579846,2.594135002,3.105951219,0.3572901201,8.060993622,2.63278278,3280.314549,179.9969487,135.0062883,45.00843679,85.46418343,*****,*****,19.64145569,6281984.839,0.2041528281,0.4353032282,MudPlaster2015MEGII_LSM_50x_naural_c_Topo > Leveled (LS-plane) > Form removed (LS-poly 3) > Outliers removed > Thresholded (0.1000 % ; 99.90 %) > S-filtered (Lambda-s 2.500 µm),D:\Dropbox\jmmarreiros_dropbox\Work\Papers and articles\2021 - Debreuil et al Brunishing tools\ConfocalData\surfaces\MudPlaster2015MEGII_LSM_50x_naural_c_Topo.sur,4/13/2021 12:47:36 PM,Surface,X,255.4748064,3000,85.18666436,0,Y,255.4748064,3000,85.18666436,-255.4748064,Z,Topography,16.70963074,-9.559710387,7.149920354,270047,0.06187675012,18.75355556,
2021/04/15,15:00:41,D:\Dropbox\jmmarreiros_dropbox\Work\Papers and articles\2021 - Debreuil et al Brunishing tools\ConfocalData\surfaces\ProcessingAnalysis_v2 --- MudPlaster2015MEGII_LSM_50x_type1_a_Topo.mnt,-3.775434072,1.661655106,-1.961664165,0.002175209224,1.239846419e-07,-1.429753622e-10,0.0003889583901,-2.139872159e-06,-2.140386751e-12,1.438468312e-06,6.098987689e-10,-5.225722271e-10,MudPlaster2015MEGII_LSM_50x_type1_a_Topo,4/13/2021 10:53:19 AM,Surface,X,255.4748064,3000,85.18666436,Y,255.4748064,3000,85.18666436,Z,Topography,25.05078183,65532,0.3822679275,0,MudPlaster2015MEGII_LSM_50x_type1_a_Topo > Leveled (LS-plane) > Form removed (LS-poly 3) > Outliers removed > Thresholded (0.1000 % ; 99.90 %) > S-filtered (Lambda-s 2.500 µm) > Filled-in non-measured points,4/13/2021 10:53:19 AM,Surface,X,255.4748064,3000,85.18666436,Y,255.4748064,3000,85.18666436,Z,Topography,4.770856643,124804,0.03822679275,0,0.6661929496,-0.4263047827,3.550199106,1.69677265,3.074083993,4.770856643,0.5271861243,14.32426876,0.8247905703,1.410511315,18.6351907,0.5511593836,176.0043109,0.1754063735,1.477633641,0.0249805071,0.8497597581,0.0249805071,0.616293862,0.7664074587,0.08335229941,3.158909246,0.7628263505,3649.538256,179.990791,134.9879115,45.02109253,54.54751176,*****,*****,2.274080645,3972359.357,0.1459456575,0.3916852918,MudPlaster2015MEGII_LSM_50x_type1_a_Topo > Leveled (LS-plane) > Form removed (LS-poly 3) > Outliers removed > Thresholded (0.1000 % ; 99.90 %) > S-filtered (Lambda-s 2.500 µm),D:\Dropbox\jmmarreiros_dropbox\Work\Papers and articles\2021 - Debreuil et al Brunishing tools\ConfocalData\surfaces\MudPlaster2015MEGII_LSM_50x_type1_a_Topo.sur,4/13/2021 10:53:19 AM,Surface,X,255.4748064,3000,85.18666436,0,Y,255.4748064,3000,85.18666436,-255.4748064,Z,Topography,4.770856643,-3.068311747,1.702544896,124804,0.03822679275,6.209366667,
2021/04/15,15:03:30,D:\Dropbox\jmmarreiros_dropbox\Work\Papers and articles\2021 - Debreuil et al Brunishing tools\ConfocalData\surfaces\ProcessingAnalysis_v2 --- MudPlaster2015MEGII_LSM_50x_type1_b_Topo.mnt,-1.589654604,2.053614983,-1.205207848,-0.0002572105363,1.604536638e-07,2.303730931e-11,0.001863193462,-3.247739143e-07,-2.042284074e-10,3.941018189e-07,3.318076143e-10,-4.246638549e-10,MudPlaster2015MEGII_LSM_50x_type1_b_Topo,4/13/2021 11:05:58 AM,Surface,X,255.4748064,3000,85.18666436,Y,255.4748064,3000,85.18666436,Z,Topography,17.50705737,65531,0.267156878,0,MudPlaster2015MEGII_LSM_50x_type1_b_Topo > Leveled (LS-plane) > Form removed (LS-poly 3) > Outliers removed > Thresholded (0.1000 % ; 99.90 %) > S-filtered (Lambda-s 2.500 µm) > Filled-in non-measured points,4/13/2021 11:05:58 AM,Surface,X,255.4748064,3000,85.18666436,Y,255.4748064,3000,85.18666436,Z,Topography,5.177446863,193798,0.0267156878,0,0.5932246247,-0.6043826884,4.723135663,2.31229621,2.865150653,5.177446863,0.4536859269,0.7404338158,0.6712009087,1.407758731,18.04904514,0.245615168,33.75086842,0.1598361295,1.220149684,0.02403147044,0.6952246796,0.02403147044,0.5053609587,0.6095915557,0.08563312385,2.747577583,0.5862991578,3819.323054,179.9959203,33.75586708,89.97333997,71.34004669,*****,*****,2.015025089,3680220.194,0.2811006029,0.5951557565,MudPlaster2015MEGII_LSM_50x_type1_b_Topo > Leveled (LS-plane) > Form removed (LS-poly 3) > Outliers removed > Thresholded (0.1000 % ; 99.90 %) > S-filtered (Lambda-s 2.500 µm),D:\Dropbox\jmmarreiros_dropbox\Work\Papers and articles\2021 - Debreuil et al Brunishing tools\ConfocalData\surfaces\MudPlaster2015MEGII_LSM_50x_type1_b_Topo.sur,4/13/2021 11:05:58 AM,Surface,X,255.4748064,3000,85.18666436,0,Y,255.4748064,3000,85.18666436,-255.4748064,Z,Topography,5.177446863,-2.861784477,2.315662387,193798,0.0267156878,4.606177778,
2021/04/15,15:05:54,D:\Dropbox\jmmarreiros_dropbox\Work\Papers and articles\2021 - Debreuil et al Brunishing tools\ConfocalData\surfaces\ProcessingAnalysis_v2 --- MudPlaster2015MEGII_LSM_50x_type1_c_Topo.mnt,0.2385487671,-0.08874284427,-2.611258993,0.001200423713,3.622070602e-07,-1.950604805e-10,0.00418711573,-1.35217661e-06,-5.111483583e-11,-1.36705512e-06,5.168856742e-10,-2.852150921e-11,MudPlaster2015MEGII_LSM_50x_type1_c_Topo,4/13/2021 11:15:20 AM,Surface,X,255.4748064,3000,85.18666436,Y,255.4748064,3000,85.18666436,Z,Topography,9.920898624,65532,0.1513901395,0,MudPlaster2015MEGII_LSM_50x_type1_c_Topo > Leveled (LS-plane) > Form removed (LS-poly 3) > Outliers removed > Thresholded (0.1000 % ; 99.90 %) > S-filtered (Lambda-s 2.500 µm) > Filled-in non-measured points,4/13/2021 11:15:20 AM,Surface,X,255.4748064,3000,85.18666436,Y,255.4748064,3000,85.18666436,Z,Topography,4.105352387,271177,0.01513901395,0,0.6515065082,-0.395928521,3.418859711,1.72278951,2.382562877,4.105352387,0.5052857444,13.95688267,0.8347826966,1.495134767,22.81077452,0.4049609648,39.25159356,0.150758874,1.103142566,0.02273490723,0.857515869,0.02273490723,0.549513103,0.7634935772,0.09402229179,2.578825054,0.5821475314,3573.668027,44.98970443,36.75958493,179.9835465,50.66376443,*****,*****,1.777151691,3972359.357,0.4756988694,0.7257957724,MudPlaster2015MEGII_LSM_50x_type1_c_Topo > Leveled (LS-plane) > Form removed (LS-poly 3) > Outliers removed > Thresholded (0.1000 % ; 99.90 %) > S-filtered (Lambda-s 2.500 µm),D:\Dropbox\jmmarreiros_dropbox\Work\Papers and articles\2021 - Debreuil et al Brunishing tools\ConfocalData\surfaces\MudPlaster2015MEGII_LSM_50x_type1_c_Topo.sur,4/13/2021 11:15:20 AM,Surface,X,255.4748064,3000,85.18666436,0,Y,255.4748064,3000,85.18666436,-255.4748064,Z,Topography,4.105352387,-2.378596455,1.726755932,271177,0.01513901395,4.317266667,
2021/04/15,15:08:20,D:\Dropbox\jmmarreiros_dropbox\Work\Papers and articles\2021 - Debreuil et al Brunishing tools\ConfocalData\surfaces\ProcessingAnalysis_v2 --- MudPlaster2015MEGII_LSM_50x_type1_d_Topo.mnt,-0.429778259,-1.591257738,-1.357683653,0.0004537635397,1.130643542e-07,-6.656769902e-11,0.002911914694,-3.933107462e-07,-5.804293198e-11,-1.587313182e-06,1.990474641e-10,2.121094573e-10,MudPlaster2015MEGII_LSM_50x_type1_d_Topo,4/13/2021 11:25:34 AM,Surface,X,255.4748064,3000,85.18666436,Y,255.4748064,3000,85.18666436,Z,Topography,13.98998974,65532,0.2134833323,0,MudPlaster2015MEGII_LSM_50x_type1_d_Topo > Leveled (LS-plane) > Form removed (LS-poly 3) > Outliers removed > Thresholded (0.1000 % ; 99.90 %) > S-filtered (Lambda-s 2.500 µm) > Filled-in non-measured points,4/13/2021 11:25:34 AM,Surface,X,255.4748064,3000,85.18666436,Y,255.4748064,3000,85.18666436,Z,Topography,4.497197183,210658,0.02134833323,0,0.7093364956,-0.2833422842,2.622570323,2.206499678,2.290697504,4.497197183,0.5804716257,2.0731284,0.8979993549,1.495298166,20.8786504,0.194365136,32.99825975,0.1732017631,1.388493085,0.02057974519,0.9185815302,0.02057974519,0.6809847482,0.8335514048,0.08503012533,2.387346746,0.6114220824,3756.089245,44.99067612,33.66546347,179.9917572,30.53063474,*****,*****,2.337236507,2926507.403,0.2473172039,0.5905347045,MudPlaster2015MEGII_LSM_50x_type1_d_Topo > Leveled (LS-plane) > Form removed (LS-poly 3) > Outliers removed > Thresholded (0.1000 % ; 99.90 %) > S-filtered (Lambda-s 2.500 µm),D:\Dropbox\jmmarreiros_dropbox\Work\Papers and articles\2021 - Debreuil et al Brunishing tools\ConfocalData\surfaces\MudPlaster2015MEGII_LSM_50x_type1_d_Topo.sur,4/13/2021 11:25:34 AM,Surface,X,255.4748064,3000,85.18666436,0,Y,255.4748064,3000,85.18666436,-255.4748064,Z,Topography,4.497197183,-2.290291886,2.206905296,210658,0.02134833323,5.477122222,
2021/04/15,15:10:49,D:\Dropbox\jmmarreiros_dropbox\Work\Papers and articles\2021 - Debreuil et al Brunishing tools\ConfocalData\surfaces\ProcessingAnalysis_v2 --- MudPlaster2015MEGII_LSM_50x_type1_e_Topo.mnt,0.5294513431,-0.3809357716,0.2112793958,0.000639062845,-1.238068445e-06,2.17866866e-10,0.001543196049,1.761381876e-06,-4.045962361e-10,-2.058512775e-06,1.628949318e-10,3.05075018e-10,MudPlaster2015MEGII_LSM_50x_type1_e_Topo,4/13/2021 11:37:48 AM,Surface,X,255.4748064,3000,85.18666436,Y,255.4748064,3000,85.18666436,Z,Topography,19.50537005,65532,0.2976464941,0,MudPlaster2015MEGII_LSM_50x_type1_e_Topo > Leveled (LS-plane) > Form removed (LS-poly 3) > Outliers removed > Thresholded (0.1000 % ; 99.90 %) > S-filtered (Lambda-s 2.500 µm) > Filled-in non-measured points,4/13/2021 11:37:48 AM,Surface,X,255.4748064,3000,85.18666436,Y,255.4748064,3000,85.18666436,Z,Topography,9.920676708,333304,0.02976464941,0,1.251894485,-1.695418131,7.616049492,3.323877929,6.596798778,9.920676708,0.8886843161,0.3583521589,1.200841343,3.48476115,26.97759124,0.6195619432,65.25450674,0.2540096129,2.776389735,0.03532099527,1.236169,0.03532099527,0.8959973472,0.9827175591,0.2534514406,4.976679146,0.9856963559,3530.354249,89.98565505,179.9813167,135.0034169,86.16507614,*****,*****,4.34842936,4287688.787,0.422387194,0.7903464115,MudPlaster2015MEGII_LSM_50x_type1_e_Topo > Leveled (LS-plane) > Form removed (LS-poly 3) > Outliers removed > Thresholded (0.1000 % ; 99.90 %) > S-filtered (Lambda-s 2.500 µm),D:\Dropbox\jmmarreiros_dropbox\Work\Papers and articles\2021 - Debreuil et al Brunishing tools\ConfocalData\surfaces\MudPlaster2015MEGII_LSM_50x_type1_e_Topo.sur,4/13/2021 11:37:48 AM,Surface,X,255.4748064,3000,85.18666436,0,Y,255.4748064,3000,85.18666436,-255.4748064,Z,Topography,9.920676708,-6.596054662,3.324622045,333304,0.02976464941,6.559233333,
2021/04/15,15:13:11,D:\Dropbox\jmmarreiros_dropbox\Work\Papers and articles\2021 - Debreuil et al Brunishing tools\ConfocalData\surfaces\ProcessingAnalysis_v2 --- MudPlaster2015MEGII_LSM_50x_type2_a_Topo.mnt,-3.467686306,0.5051944278,1.708622353,-0.0009575919858,-4.011149352e-07,1.535302232e-10,-0.0020881866,1.754014771e-06,-2.058667438e-10,2.825107154e-07,-2.623747081e-10,5.03962022e-11,MudPlaster2015MEGII_LSM_50x_type2_a_Topo,4/12/2021 4:12:27 PM,Surface,X,255.4748064,3000,85.18666436,Y,255.4748064,3000,85.18666436,Z,Topography,23.51220605,65532,0.3587896913,0,MudPlaster2015MEGII_LSM_50x_type2_a_Topo > Leveled (LS-plane) > Form removed (LS-poly 3) > Outliers removed > Thresholded (0.1000 % ; 99.90 %) > S-filtered (Lambda-s 2.500 µm) > Filled-in non-measured points,4/12/2021 4:12:27 PM,Surface,X,255.4748064,3000,85.18666436,Y,255.4748064,3000,85.18666436,Z,Topography,7.003503016,195198,0.03587896913,0,0.8995169268,-1.612228683,7.563560575,1.59022767,5.413275346,7.003503016,0.6691434581,26.66596537,0.9050173066,2.516343762,19.06198892,*****,32.75166272,0.1784158919,1.498116205,0.02036747631,0.9253784437,0.02036747631,0.738166786,0.7691087071,0.1562697366,3.736866393,0.7768795889,3358.974332,33.75959813,179.9886279,90.00342252,14.43110433,*****,*****,2.16578467,3972359.357,0.3463973443,0.9018200734,MudPlaster2015MEGII_LSM_50x_type2_a_Topo > Leveled (LS-plane) > Form removed (LS-poly 3) > Outliers removed > Thresholded (0.1000 % ; 99.90 %) > S-filtered (Lambda-s 2.500 µm),D:\Dropbox\jmmarreiros_dropbox\Work\Papers and articles\2021 - Debreuil et al Brunishing tools\ConfocalData\surfaces\MudPlaster2015MEGII_LSM_50x_type2_a_Topo.sur,4/12/2021 4:12:27 PM,Surface,X,255.4748064,3000,85.18666436,0,Y,255.4748064,3000,85.18666436,-255.4748064,Z,Topography,7.003503016,-5.401004739,1.602498277,195198,0.03587896913,11.13893333,
2021/04/15,15:15:26,D:\Dropbox\jmmarreiros_dropbox\Work\Papers and articles\2021 - Debreuil et al Brunishing tools\ConfocalData\surfaces\ProcessingAnalysis_v2 --- MudPlaster2015MEGII_LSM_50x_type2_b_Topo.mnt,-2.583451574,-1.202165519,0.8963144856,-0.002640642151,1.098324019e-06,-1.053669261e-10,-0.001445557982,2.539190325e-06,-6.594382916e-10,7.705138371e-07,-2.141921363e-10,-2.139683591e-10,MudPlaster2015MEGII_LSM_50x_type2_b_Topo,4/12/2021 4:23:58 PM,Surface,X,255.4748064,3000,85.18666436,Y,255.4748064,3000,85.18666436,Z,Topography,24.84252846,65532,0.3790900394,0,MudPlaster2015MEGII_LSM_50x_type2_b_Topo > Leveled (LS-plane) > Form removed (LS-poly 3) > Outliers removed > Thresholded (0.1000 % ; 99.90 %) > S-filtered (Lambda-s 2.500 µm) > Filled-in non-measured points,4/12/2021 4:23:58 PM,Surface,X,255.4748064,3000,85.18666436,Y,255.4748064,3000,85.18666436,Z,Topography,4.565115981,120423,0.03790900394,0,0.7250345749,-0.4927706034,3.213222099,2.001709135,2.563406846,4.565115981,0.5727541232,6.524944459,0.8651181372,1.701561722,20.69533009,*****,31.99398567,0.176730637,1.446043733,0.02681069829,0.8919211302,0.02681069829,0.6423224588,0.7865816265,0.1053395037,2.938410295,0.7010320772,3529.137164,89.98248592,134.9952061,45.00681795,51.88612907,*****,*****,2.401915413,3972359.357,0.2132251518,0.6617876471,MudPlaster2015MEGII_LSM_50x_type2_b_Topo > Leveled (LS-plane) > Form removed (LS-poly 3) > Outliers removed > Thresholded (0.1000 % ; 99.90 %) > S-filtered (Lambda-s 2.500 µm),D:\Dropbox\jmmarreiros_dropbox\Work\Papers and articles\2021 - Debreuil et al Brunishing tools\ConfocalData\surfaces\MudPlaster2015MEGII_LSM_50x_type2_b_Topo.sur,4/12/2021 4:23:58 PM,Surface,X,255.4748064,3000,85.18666436,0,Y,255.4748064,3000,85.18666436,-255.4748064,Z,Topography,4.565115981,-2.555900863,2.009215118,120423,0.03790900394,11.84044444,
2021/04/15,15:17:46,D:\Dropbox\jmmarreiros_dropbox\Work\Papers and articles\2021 - Debreuil et al Brunishing tools\ConfocalData\surfaces\ProcessingAnalysis_v2 --- MudPlaster2015MEGII_LSM_50x_type2_c_Topo.mnt,-2.002764431,-1.604081866,0.5594825802,-0.002731098286,1.936013178e-06,-3.274023305e-10,-0.0005919549074,2.571676103e-07,-1.527931592e-10,8.25867702e-07,-4.103099882e-11,-2.010719964e-10,MudPlaster2015MEGII_LSM_50x_type2_c_Topo,4/12/2021 4:35:52 PM,Surface,X,255.4748064,3000,85.18666436,Y,255.4748064,3000,85.18666436,Z,Topography,18.56762644,65532,0.2833367887,0,MudPlaster2015MEGII_LSM_50x_type2_c_Topo > Leveled (LS-plane) > Form removed (LS-poly 3) > Outliers removed > Thresholded (0.1000 % ; 99.90 %) > S-filtered (Lambda-s 2.500 µm) > Filled-in non-measured points,4/12/2021 4:35:52 PM,Surface,X,255.4748064,3000,85.18666436,Y,255.4748064,3000,85.18666436,Z,Topography,4.443599191,156831,0.02833367887,0,0.7134195114,-0.5910896312,3.177696935,1.921731769,2.521867421,4.443599191,0.5679374638,6.445881621,0.8053350421,1.715154103,20.13010193,*****,24.75900865,0.1632498645,1.269421031,0.02475684083,0.830091501,0.02475684083,0.6768640024,0.7284864696,0.1016050315,2.758000301,0.6646686642,3548.932483,26.48499889,44.98901362,0.004696832496,40.63227137,*****,*****,2.02202735,4287688.787,0.2873393306,0.6084402366,MudPlaster2015MEGII_LSM_50x_type2_c_Topo > Leveled (LS-plane) > Form removed (LS-poly 3) > Outliers removed > Thresholded (0.1000 % ; 99.90 %) > S-filtered (Lambda-s 2.500 µm),D:\Dropbox\jmmarreiros_dropbox\Work\Papers and articles\2021 - Debreuil et al Brunishing tools\ConfocalData\surfaces\MudPlaster2015MEGII_LSM_50x_type2_c_Topo.sur,4/12/2021 4:35:52 PM,Surface,X,255.4748064,3000,85.18666436,0,Y,255.4748064,3000,85.18666436,-255.4748064,Z,Topography,4.443599191,-2.510392282,1.933206909,156831,0.02833367887,11.11203333,
2021/04/15,15:20:17,D:\Dropbox\jmmarreiros_dropbox\Work\Papers and articles\2021 - Debreuil et al Brunishing tools\ConfocalData\surfaces\ProcessingAnalysis_v2 --- MudPlaster2015MEGII_LSM_50x_type2_d_Topo.mnt,-1.679612143,-2.693452593,-1.602982054,-0.0002111771016,9.143679583e-07,-2.612785914e-10,0.0004483412372,-9.637436227e-08,8.121089967e-11,1.470600984e-06,-2.122806498e-10,-4.944777645e-10,MudPlaster2015MEGII_LSM_50x_type2_d_Topo,4/12/2021 4:50:04 PM,Surface,X,255.4748064,3000,85.18666436,Y,255.4748064,3000,85.18666436,Z,Topography,25.14624029,65532,0.383724597,0,MudPlaster2015MEGII_LSM_50x_type2_d_Topo > Leveled (LS-plane) > Form removed (LS-poly 3) > Outliers removed > Thresholded (0.1000 % ; 99.90 %) > S-filtered (Lambda-s 2.500 µm) > Filled-in non-measured points,4/12/2021 4:50:04 PM,Surface,X,255.4748064,3000,85.18666436,Y,255.4748064,3000,85.18666436,Z,Topography,9.761301416,254383,0.0383724597,0,1.308340215,-0.3804587879,5.155279244,4.635853601,5.125447814,9.761301416,0.9382163607,1.068825578,1.506272953,3.081665638,21.39409043,0.1793574559,25.50285171,0.1999186575,1.843665247,0.06914867712,1.575414232,0.06914867712,0.9308824085,1.368395377,0.207018855,4.177072473,0.8795409871,3685.83277,26.42398355,179.9964734,45.02863595,14.62144075,*****,*****,2.551559429,3972359.357,0.625503218,0.7906176921,MudPlaster2015MEGII_LSM_50x_type2_d_Topo > Leveled (LS-plane) > Form removed (LS-poly 3) > Outliers removed > Thresholded (0.1000 % ; 99.90 %) > S-filtered (Lambda-s 2.500 µm),D:\Dropbox\jmmarreiros_dropbox\Work\Papers and articles\2021 - Debreuil et al Brunishing tools\ConfocalData\surfaces\MudPlaster2015MEGII_LSM_50x_type2_d_Topo.sur,4/12/2021 4:50:04 PM,Surface,X,255.4748064,3000,85.18666436,0,Y,255.4748064,3000,85.18666436,-255.4748064,Z,Topography,9.761301416,-5.121226844,4.640074572,254383,0.0383724597,5.923155556,
2021/04/15,15:22:43,D:\Dropbox\jmmarreiros_dropbox\Work\Papers and articles\2021 - Debreuil et al Brunishing tools\ConfocalData\surfaces\ProcessingAnalysis_v2 --- MudPlaster2015MEGII_LSM_50x_type2_e_Topo.mnt,-1.629917972,-0.5860656091,-2.954997815,0.005313995952,-2.282890904e-06,2.493985639e-10,0.000532101211,-8.950924253e-07,2.768289544e-10,4.674619272e-07,-1.298386313e-10,-1.035162341e-10,MudPlaster2015MEGII_LSM_50x_type2_e_Topo,4/12/2021 5:01:13 PM,Surface,X,255.4748064,3000,85.18666436,Y,255.4748064,3000,85.18666436,Z,Topography,15.07885729,65532,0.2300991468,0,MudPlaster2015MEGII_LSM_50x_type2_e_Topo > Leveled (LS-plane) > Form removed (LS-poly 3) > Outliers removed > Thresholded (0.1000 % ; 99.90 %) > S-filtered (Lambda-s 2.500 µm) > Filled-in non-measured points,4/12/2021 5:01:13 PM,Surface,X,255.4748064,3000,85.18666436,Y,255.4748064,3000,85.18666436,Z,Topography,4.510173377,196010,0.02300991468,0,0.581519092,-0.706981119,4.475162465,1.896615228,2.61355815,4.510173377,0.4452587615,3.242928748,0.6579493872,1.432229805,14.86748106,0.4350647549,37.75172453,0.1471384084,1.03985155,0.02283385453,0.6807874741,0.02283385453,0.4882849484,0.5922376353,0.08854983882,2.951182628,0.621770804,3523.24021,26.46461278,0.00135894772,45.00663562,41.15467883,*****,*****,1.64762976,3972359.357,0.3300838911,0.5840127559,MudPlaster2015MEGII_LSM_50x_type2_e_Topo > Leveled (LS-plane) > Form removed (LS-poly 3) > Outliers removed > Thresholded (0.1000 % ; 99.90 %) > S-filtered (Lambda-s 2.500 µm),D:\Dropbox\jmmarreiros_dropbox\Work\Papers and articles\2021 - Debreuil et al Brunishing tools\ConfocalData\surfaces\MudPlaster2015MEGII_LSM_50x_type2_e_Topo.sur,4/12/2021 5:01:13 PM,Surface,X,255.4748064,3000,85.18666436,0,Y,255.4748064,3000,85.18666436,-255.4748064,Z,Topography,4.510173377,-2.610566861,1.899606517,196010,0.02300991468,3.391455556,
